Measurement Time,D: 28cm,D: 20cm,D: 10cm,TemperatureF,PrecipitationIn
10/13/2015 10:56 PM,0.190,0.037,0.011,71.1,0.0
10/13/2015 11:56 PM,0.197,0.035,0.013,70.0,0.0
10/14/2015 12:56 AM,0.202,0.038,0.015,69.1,0.0
10/14/2015 1:56 AM,0.205,0.040,0.015,66.9,0.0
10/14/2015 2:56 AM,0.207,0.043,0.017,66.0,0.0
10/14/2015 3:56 AM,0.208,0.044,0.019,64.9,0.0
10/14/2015 4:56 AM,0.210,0.046,0.020,64.9,0.0
10/14/2015 5:56 AM,0.211,0.048,0.021,64.9,0.0
10/14/2015 6:56 AM,0.211,0.049,0.022,62.1,0.0
10/14/2015 7:56 AM,0.211,0.049,0.023,64.9,0.0
10/14/2015 8:56 AM,0.210,0.049,0.023,66.9,0.0
10/14/2015 9:56 AM,0.210,0.049,0.024,71.1,0.0
10/14/2015 10:56 AM,0.209,0.050,0.025,73.9,0.0
10/14/2015 11:56 AM,0.209,0.050,0.025,75.9,0.0
10/14/2015 12:56 PM,0.209,0.051,0.026,79.0,0.0
10/14/2015 1:56 PM,0.207,0.046,0.027,80.1,0.0
10/14/2015 2:56 PM,0.208,0.045,0.028,79.0,0.0
10/14/2015 3:56 PM,0.209,0.046,0.030,79.0,0.0
10/14/2015 4:56 PM,0.209,0.045,0.031,79.0,0.0
10/14/2015 5:56 PM,0.211,0.054,0.032,75.9,0.0
10/14/2015 6:56 PM,0.212,0.054,0.032,73.9,0.0
10/14/2015 7:56 PM,0.212,0.054,0.033,73.0,0.0
10/14/2015 8:56 PM,0.213,0.054,0.034,71.1,0.0
10/14/2015 9:56 PM,0.213,0.054,0.035,66.9,0.0
10/14/2015 10:56 PM,0.213,0.054,0.035,66.0,0.0
10/14/2015 11:56 PM,0.213,0.055,0.036,66.0,0.0
10/15/2015 12:56 AM,0.213,0.055,0.037,66.0,0.0
10/15/2015 1:56 AM,0.213,0.055,0.037,64.9,0.0
10/15/2015 2:56 AM,0.213,0.055,0.037,66.0,0.0
10/15/2015 3:56 AM,0.213,0.055,0.038,64.9,0.0
10/15/2015 4:56 AM,0.213,0.055,0.038,64.9,0.0
10/15/2015 5:56 AM,0.212,0.055,0.038,64.9,0.0
10/15/2015 6:56 AM,0.212,0.055,0.038,64.9,0.0
10/15/2015 7:56 AM,0.212,0.055,0.038,64.0,0.0
10/15/2015 8:56 AM,0.211,0.055,0.038,64.9,0.0
10/15/2015 9:56 AM,0.210,0.054,0.038,66.9,0.0
10/15/2015 10:56 AM,0.210,0.054,0.038,68.0,0.0
10/15/2015 11:56 AM,0.210,0.054,0.038,71.1,0.0
10/15/2015 12:56 PM,0.291,0.284,0.236,73.0,0.0
10/15/2015 1:56 PM,0.393,0.282,0.247,73.9,0.0
10/15/2015 2:56 PM,0.428,0.281,0.247,78.1,0.0
10/15/2015 3:56 PM,0.442,0.277,0.248,70.0,0.0
10/15/2015 4:56 PM,0.483,0.275,0.250,69.1,0.0
10/15/2015 5:56 PM,0.504,0.273,0.251,68.0,0.0
10/15/2015 6:56 PM,0.513,0.272,0.253,64.9,0.0
10/15/2015 7:56 PM,0.517,0.271,0.253,64.9,0.0
10/15/2015 8:56 PM,0.518,0.271,0.255,64.9,0.0
10/15/2015 9:56 PM,0.517,0.272,0.256,64.9,0.0
10/15/2015 10:56 PM,0.515,0.272,0.256,64.9,0.0
10/15/2015 11:56 PM,0.513,0.272,0.257,63.0,0.0
10/16/2015 12:56 AM,0.512,0.272,0.258,64.0,0.0
10/16/2015 1:56 AM,0.511,0.272,0.258,63.0,0.0
10/16/2015 2:56 AM,0.509,0.273,0.259,63.0,0.0
10/16/2015 3:56 AM,0.508,0.273,0.259,63.0,0.0
10/16/2015 4:56 AM,0.508,0.273,0.259,63.0,0.0
10/16/2015 5:56 AM,0.507,0.273,0.259,63.0,0.0
10/16/2015 6:56 AM,0.507,0.273,0.260,63.0,0.0
10/16/2015 7:56 AM,0.506,0.274,0.260,63.0,0.0
10/16/2015 8:56 AM,0.505,0.274,0.260,64.0,0.0
10/16/2015 9:56 AM,0.505,0.274,0.262,64.0,0.0
10/16/2015 10:56 AM,0.507,0.274,0.274,68.0,0.0
10/16/2015 11:56 AM,0.513,0.274,0.272,69.1,0.0
10/16/2015 12:56 PM,0.523,0.275,0.270,71.1,0.0
10/16/2015 1:56 PM,0.533,0.275,0.267,73.0,0.0
10/16/2015 2:56 PM,0.538,0.275,0.267,75.0,0.0
10/16/2015 3:56 PM,0.541,0.276,0.269,75.9,0.0
10/16/2015 4:56 PM,0.541,0.277,0.269,73.9,0.0
10/16/2015 5:56 PM,0.549,0.276,0.279,69.1,0.0
10/16/2015 6:56 PM,0.550,0.277,0.280,64.9,0.0
10/16/2015 7:56 PM,0.548,0.278,0.281,64.0,0.0
10/16/2015 8:56 PM,0.545,0.278,0.281,63.0,0.0
10/16/2015 9:56 PM,0.542,0.278,0.282,62.1,0.0
10/16/2015 10:56 PM,0.537,0.278,0.283,62.1,0.0
10/16/2015 11:56 PM,0.534,0.278,0.284,63.0,0.0
10/17/2015 12:56 AM,0.531,0.278,0.284,63.0,0.0
10/17/2015 1:56 AM,0.530,0.278,0.284,64.0,0.0
10/17/2015 2:56 AM,0.528,0.278,0.285,63.0,0.0
10/17/2015 3:56 AM,0.527,0.278,0.285,63.0,0.0
10/17/2015 4:56 AM,0.525,0.278,0.285,63.0,0.0
10/17/2015 5:56 AM,0.525,0.278,0.286,62.1,0.0
10/17/2015 6:56 AM,0.523,0.278,0.286,62.1,0.0
10/17/2015 7:56 AM,0.522,0.278,0.287,63.0,0.0
10/17/2015 8:56 AM,0.521,0.278,0.287,64.9,0.0
10/17/2015 9:56 AM,0.522,0.278,0.287,64.9,0.0
10/17/2015 10:56 AM,0.523,0.278,0.286,66.0,0.0
10/17/2015 11:56 AM,0.525,0.278,0.285,66.9,0.0
10/17/2015 12:56 PM,0.527,0.277,0.284,69.1,0.0
10/17/2015 1:56 PM,0.532,0.277,0.282,73.0,0.0
10/17/2015 2:56 PM,0.538,0.277,0.280,70.0,0.0
10/17/2015 3:56 PM,0.542,0.278,0.280,68.0,0.0
10/17/2015 4:56 PM,0.543,0.279,0.281,69.1,0.0
10/17/2015 5:56 PM,0.544,0.279,0.281,66.9,0.0
10/17/2015 6:56 PM,0.543,0.279,0.281,66.0,0.0
10/17/2015 7:56 PM,0.541,0.279,0.281,64.0,0.0
10/17/2015 8:56 PM,0.538,0.279,0.282,63.0,0.0
10/17/2015 9:56 PM,0.536,0.279,0.283,63.0,0.0
10/17/2015 10:56 PM,0.533,0.279,0.283,64.0,0.0
10/17/2015 11:56 PM,0.531,0.279,0.283,63.0,0.0
10/18/2015 12:33 AM,0.530,0.279,0.283,62.6,0.0
10/19/2015 12:56 AM,0.540,0.281,0.296,63.0,0.0
10/19/2015 1:56 AM,0.537,0.281,0.297,63.0,0.0
10/19/2015 2:56 AM,0.536,0.280,0.298,61.0,0.0
10/19/2015 3:56 AM,0.533,0.280,0.298,62.1,0.0
10/19/2015 4:56 AM,0.530,0.280,0.298,62.1,0.0
10/19/2015 5:56 AM,0.530,0.280,0.299,61.0,0.0
10/19/2015 6:56 AM,0.528,0.280,0.300,62.1,0.0
10/19/2015 7:56 AM,0.526,0.280,0.300,62.1,0.0
10/19/2015 8:56 AM,0.525,0.280,0.300,63.0,0.0
10/19/2015 9:56 AM,0.525,0.280,0.300,64.0,0.0
10/19/2015 10:56 AM,0.527,0.280,0.300,66.0,0.0
10/19/2015 11:56 AM,0.530,0.280,0.299,68.0,0.0
10/19/2015 12:56 PM,0.537,0.280,0.298,69.1,0.0
10/19/2015 1:56 PM,0.548,0.280,0.293,70.0,0.0
10/19/2015 2:56 PM,0.560,0.280,0.290,71.1,0.0
10/19/2015 3:56 PM,0.571,0.281,0.287,71.1,0.0
10/19/2015 4:56 PM,0.579,0.281,0.287,70.0,0.0
10/19/2015 5:56 PM,0.582,0.285,0.289,66.9,0.0
10/19/2015 6:56 PM,0.581,0.287,0.292,64.9,0.0
10/19/2015 7:56 PM,0.576,0.287,0.294,63.0,0.0
10/19/2015 8:56 PM,0.570,0.287,0.297,62.1,0.0
10/19/2015 9:56 PM,0.564,0.287,0.298,62.1,0.0
10/19/2015 10:56 PM,0.559,0.286,0.299,60.1,0.0
10/19/2015 11:56 PM,0.553,0.285,0.301,61.0,0.0
10/20/2015 12:56 AM,0.547,0.284,0.302,60.1,0.0
10/20/2015 1:56 AM,0.542,0.283,0.304,57.9,0.0
10/20/2015 2:56 AM,0.537,0.283,0.304,57.0,0.0
10/20/2015 3:56 AM,0.533,0.282,0.305,55.9,0.0
10/20/2015 4:56 AM,0.530,0.282,0.307,55.9,0.0
10/20/2015 5:56 AM,0.526,0.281,0.308,57.0,0.0
10/20/2015 6:56 AM,0.523,0.281,0.309,55.0,0.0
10/20/2015 7:56 AM,0.520,0.281,0.310,57.0,0.01
10/20/2015 8:56 AM,0.519,0.281,0.310,62.1,0.0
10/20/2015 9:56 AM,0.519,0.281,0.310,66.0,0.0
10/20/2015 10:56 AM,0.520,0.281,0.304,70.0,0.0
10/20/2015 11:56 AM,0.525,0.280,0.301,75.0,0.0
10/20/2015 12:56 PM,0.539,0.279,0.295,75.9,0.0
10/20/2015 1:56 PM,0.553,0.279,0.290,78.1,0.0
10/20/2015 2:56 PM,0.567,0.279,0.286,80.1,0.0
10/20/2015 3:56 PM,0.580,0.280,0.283,81.0,0.0
10/20/2015 4:56 PM,0.589,0.281,0.282,80.1,0.0
10/20/2015 5:56 PM,0.596,0.286,0.284,75.0,0.0
10/20/2015 6:56 PM,0.596,0.289,0.286,69.1,0.0
10/20/2015 7:56 PM,0.593,0.291,0.273,66.0,0.0
10/20/2015 8:56 PM,0.587,0.291,0.263,66.0,0.0
10/20/2015 9:56 PM,0.580,0.290,0.260,64.9,0.0
10/20/2015 10:56 PM,0.572,0.288,0.258,63.0,0.0
10/20/2015 11:56 PM,0.565,0.287,0.256,62.1,0.0
10/21/2015 12:56 AM,0.559,0.286,0.256,60.1,0.0
10/21/2015 1:56 AM,0.553,0.285,0.255,59.0,0.0
10/21/2015 2:56 AM,0.547,0.284,0.255,57.9,0.0
10/21/2015 3:56 AM,0.541,0.283,0.254,57.0,0.0
10/21/2015 4:56 AM,0.536,0.282,0.255,57.0,0.0
10/21/2015 5:56 AM,0.531,0.282,0.255,55.9,0.0
10/21/2015 6:56 AM,0.528,0.281,0.255,54.0,0.0
10/21/2015 7:56 AM,0.524,0.281,0.255,55.9,0.0
10/21/2015 8:56 AM,0.521,0.281,0.255,62.1,0.0
10/21/2015 9:56 AM,0.521,0.281,0.256,69.1,0.0
10/21/2015 10:56 AM,0.522,0.279,0.254,75.0,0.0
10/21/2015 11:56 AM,0.528,0.277,0.255,75.9,0.0
10/21/2015 12:56 PM,0.542,0.275,0.254,80.1,0.0
10/21/2015 1:56 PM,0.557,0.275,0.253,80.1,0.0
10/21/2015 2:56 PM,0.571,0.277,0.252,82.0,0.0
10/21/2015 3:56 PM,0.584,0.278,0.249,82.0,0.0
10/21/2015 4:56 PM,0.594,0.281,0.247,75.9,0.0
10/21/2015 5:56 PM,0.600,0.286,0.246,69.1,0.0
10/21/2015 6:56 PM,0.599,0.290,0.245,64.9,0.0
10/21/2015 7:56 PM,0.593,0.290,0.245,64.9,0.0
10/21/2015 8:56 PM,0.585,0.290,0.245,64.9,0.0
10/21/2015 9:56 PM,0.576,0.288,0.245,64.0,0.0
10/21/2015 10:56 PM,0.569,0.287,0.244,62.1,0.0
10/21/2015 11:56 PM,0.562,0.285,0.244,61.0,0.0
10/22/2015 12:56 AM,0.555,0.283,0.244,60.1,0.0
10/22/2015 1:56 AM,0.549,0.282,0.245,57.9,0.0
10/22/2015 2:56 AM,0.544,0.281,0.244,57.9,0.0
10/22/2015 3:56 AM,0.539,0.281,0.244,55.9,0.0
10/22/2015 4:56 AM,0.534,0.280,0.244,55.9,0.0
10/22/2015 5:56 AM,0.530,0.280,0.244,55.0,0.0
10/22/2015 6:56 AM,0.526,0.279,0.244,57.0,0.0
10/22/2015 7:56 AM,0.524,0.279,0.242,59.0,0.0
10/22/2015 8:56 AM,0.522,0.278,0.243,61.0,0.0
10/22/2015 9:56 AM,0.521,0.278,0.243,63.0,0.0
10/22/2015 10:56 AM,0.523,0.277,0.243,66.0,0.0
10/22/2015 11:56 AM,0.527,0.276,0.244,68.0,0.0
10/22/2015 12:56 PM,0.539,0.278,0.245,72.0,0.0
10/22/2015 1:56 PM,0.553,0.279,0.243,73.9,0.0
10/22/2015 2:56 PM,0.566,0.280,0.242,75.0,0.0
10/22/2015 3:56 PM,0.578,0.282,0.240,73.0,0.0
10/22/2015 4:56 PM,0.586,0.285,0.238,73.0,0.0
10/22/2015 5:56 PM,0.590,0.288,0.237,71.1,0.0
10/22/2015 6:56 PM,0.588,0.291,0.236,68.0,0.0
10/22/2015 7:56 PM,0.584,0.291,0.236,66.9,0.0
10/22/2015 8:56 PM,0.579,0.291,0.235,64.0,0.0
10/22/2015 9:56 PM,0.572,0.290,0.234,64.9,0.0
10/22/2015 10:56 PM,0.566,0.288,0.233,63.0,0.0
10/22/2015 11:56 PM,0.560,0.287,0.232,61.0,0.0
10/23/2015 12:56 AM,0.554,0.286,0.231,61.0,0.0
10/23/2015 1:56 AM,0.548,0.285,0.231,59.0,0.0
10/23/2015 2:56 AM,0.544,0.284,0.230,57.9,0.0
10/23/2015 3:56 AM,0.539,0.283,0.229,57.0,0.0
10/23/2015 4:56 AM,0.535,0.282,0.228,55.9,0.0
10/23/2015 5:56 AM,0.530,0.282,0.227,55.9,0.0
10/23/2015 6:56 AM,0.527,0.281,0.226,57.0,0.0
10/23/2015 7:56 AM,0.525,0.281,0.226,57.0,0.0
10/23/2015 8:56 AM,0.523,0.281,0.226,61.0,0.0
10/23/2015 9:56 AM,0.523,0.280,0.225,64.9,0.0
10/23/2015 10:56 AM,0.525,0.280,0.225,69.1,0.0
10/23/2015 11:56 AM,0.530,0.279,0.225,70.0,0.0
10/23/2015 12:56 PM,0.542,0.279,0.226,70.0,0.0
10/23/2015 1:56 PM,0.552,0.280,0.225,72.0,0.0
10/23/2015 2:56 PM,0.560,0.281,0.225,75.0,0.0
10/23/2015 3:56 PM,0.569,0.282,0.223,73.9,0.0
10/23/2015 4:56 PM,0.575,0.284,0.220,72.0,0.0
10/23/2015 5:56 PM,0.576,0.285,0.218,70.0,0.0
10/23/2015 6:56 PM,0.576,0.287,0.216,68.0,0.0
10/23/2015 7:56 PM,0.572,0.287,0.214,68.0,0.0
10/23/2015 8:56 PM,0.568,0.287,0.212,64.9,0.0
10/23/2015 9:56 PM,0.562,0.286,0.210,63.0,0.0
10/23/2015 10:56 PM,0.558,0.285,0.209,63.0,0.0
10/23/2015 11:56 PM,0.552,0.284,0.208,61.0,0.0
10/24/2015 12:56 AM,0.548,0.283,0.207,59.0,0.0
10/24/2015 1:56 AM,0.542,0.282,0.206,57.0,0.0
10/24/2015 2:56 AM,0.538,0.282,0.205,57.0,0.0
10/24/2015 3:56 AM,0.534,0.281,0.205,55.9,0.0
10/24/2015 4:56 AM,0.530,0.281,0.204,60.1,0.0
10/24/2015 5:56 AM,0.528,0.281,0.204,59.0,0.0
10/24/2015 6:56 AM,0.526,0.281,0.204,57.9,0.0
10/24/2015 7:56 AM,0.525,0.280,0.203,59.0,0.0
10/24/2015 8:56 AM,0.525,0.280,0.203,60.1,0.0
10/24/2015 9:56 AM,0.525,0.280,0.203,61.0,0.0
10/24/2015 10:56 AM,0.526,0.280,0.202,64.9,0.0
10/24/2015 11:56 AM,0.530,0.279,0.204,66.9,0.0
10/24/2015 12:56 PM,0.540,0.278,0.205,70.0,0.0
10/24/2015 1:56 PM,0.552,0.279,0.205,72.0,0.0
10/24/2015 2:56 PM,0.562,0.281,0.204,77.0,0.0
10/24/2015 3:56 PM,0.570,0.283,0.202,70.0,0.0
10/24/2015 4:56 PM,0.576,0.285,0.199,70.0,0.0
10/24/2015 5:56 PM,0.576,0.287,0.197,69.1,0.0
10/24/2015 6:56 PM,0.574,0.287,0.196,66.9,0.0
10/24/2015 7:56 PM,0.570,0.287,0.195,64.9,0.0
10/24/2015 8:56 PM,0.565,0.287,0.193,64.0,0.0
10/24/2015 10:56 PM,0.555,0.286,0.191,62.1,0.0
10/24/2015 11:56 PM,0.551,0.285,0.191,62.1,0.0
10/25/2015 12:56 AM,0.547,0.284,0.189,61.0,0.0
10/25/2015 1:56 AM,0.542,0.283,0.188,60.1,0.0
10/25/2015 2:56 AM,0.539,0.283,0.188,60.1,0.0
10/25/2015 3:56 AM,0.536,0.282,0.186,59.0,0.0
10/25/2015 4:56 AM,0.533,0.282,0.186,59.0,0.0
10/25/2015 5:56 AM,0.530,0.281,0.185,59.0,0.0
10/25/2015 6:56 AM,0.528,0.281,0.185,57.9,0.0
10/25/2015 7:56 AM,0.526,0.281,0.185,57.9,0.0
10/25/2015 8:56 AM,0.525,0.281,0.185,59.0,0.0
10/25/2015 9:56 AM,0.525,0.281,0.185,61.0,0.0
10/25/2015 10:56 AM,0.525,0.281,0.185,66.0,0.0
10/25/2015 11:56 AM,0.529,0.279,0.186,69.1,0.0
10/25/2015 12:56 PM,0.542,0.278,0.188,71.1,0.0
10/25/2015 1:56 PM,0.556,0.280,0.188,71.1,0.0
10/25/2015 2:56 PM,0.570,0.282,0.186,71.1,0.0
10/25/2015 3:56 PM,0.581,0.285,0.185,72.0,0.0
10/25/2015 4:56 PM,0.589,0.289,0.181,69.1,0.0
10/25/2015 5:56 PM,0.592,0.292,0.178,66.9,0.0
10/25/2015 6:56 PM,0.588,0.294,0.176,64.0,0.0
10/25/2015 7:56 PM,0.583,0.294,0.174,64.0,0.0
10/25/2015 8:56 PM,0.576,0.293,0.173,63.0,0.0
10/25/2015 9:56 PM,0.570,0.292,0.172,60.1,0.0
10/25/2015 10:56 PM,0.563,0.290,0.170,61.0,0.0
10/25/2015 11:56 PM,0.557,0.289,0.169,60.1,0.0
10/26/2015 12:54 AM,0.551,0.287,0.168,57.2,0.0
10/27/2015 12:56 AM,0.554,0.294,0.150,60.1,0.0
10/27/2015 1:56 AM,0.548,0.292,0.150,59.0,0.0
10/27/2015 2:56 AM,0.543,0.292,0.148,60.1,0.0
10/27/2015 3:56 AM,0.539,0.290,0.149,59.0,0.0
10/27/2015 4:56 AM,0.536,0.289,0.148,57.9,0.0
10/27/2015 5:56 AM,0.532,0.288,0.147,57.9,0.0
10/27/2015 6:56 AM,0.530,0.288,0.145,59.0,0.0
10/27/2015 7:56 AM,0.527,0.287,0.146,60.1,0.0
10/27/2015 8:56 AM,0.526,0.287,0.146,62.1,0.0
10/27/2015 9:56 AM,0.525,0.287,0.145,64.0,0.0
10/27/2015 10:56 AM,0.527,0.287,0.145,64.0,0.0
10/27/2015 11:56 AM,0.529,0.287,0.145,66.9,0.0
10/27/2015 12:56 PM,0.532,0.287,0.145,66.9,0.0
10/27/2015 1:56 PM,0.536,0.288,0.145,66.0,0.0
10/27/2015 2:56 PM,0.538,0.288,0.145,66.9,0.0
10/27/2015 3:56 PM,0.540,0.288,0.149,69.1,0.0
10/27/2015 4:56 PM,0.542,0.288,0.149,69.1,0.0
10/27/2015 5:56 PM,0.542,0.288,0.148,66.9,0.0
10/27/2015 6:56 PM,0.542,0.289,0.148,66.9,0.0
10/27/2015 7:56 PM,0.542,0.289,0.147,66.9,0.0
10/27/2015 8:56 PM,0.540,0.288,0.146,66.0,0.0
10/27/2015 9:56 PM,0.539,0.288,0.146,64.0,0.0
10/27/2015 10:56 PM,0.536,0.286,0.145,62.1,0.0
10/27/2015 11:56 PM,0.538,0.280,0.149,62.1,0.03
10/28/2015 12:56 AM,0.536,0.280,0.149,62.1,0.0
10/28/2015 1:56 AM,0.535,0.280,0.149,61.0,0.0
10/28/2015 2:56 AM,0.533,0.280,0.149,61.0,0.01
10/28/2015 3:56 AM,0.531,0.279,0.149,60.1,0.0
10/28/2015 4:56 AM,0.530,0.279,0.149,60.1,0.0
10/28/2015 5:56 AM,0.529,0.279,0.148,59.0,0.0
10/28/2015 6:56 AM,0.527,0.278,0.148,57.9,0.0
10/28/2015 7:56 AM,0.525,0.278,0.147,59.0,0.0
10/28/2015 8:56 AM,0.524,0.277,0.147,62.1,0.0
10/28/2015 9:56 AM,0.524,0.278,0.146,64.0,0.0
10/28/2015 10:56 AM,0.525,0.280,0.146,68.0,0.0
10/28/2015 11:56 AM,0.528,0.282,0.146,68.0,0.0
10/28/2015 12:56 PM,0.530,0.287,0.147,69.1,0.0
10/28/2015 1:56 PM,0.538,0.287,0.149,69.1,0.0
10/28/2015 2:56 PM,0.548,0.290,0.150,70.0,0.0
10/28/2015 3:56 PM,0.563,0.289,0.153,70.0,0.0
10/28/2015 4:56 PM,0.572,0.292,0.151,68.0,0.0
10/28/2015 5:56 PM,0.575,0.293,0.149,64.9,0.0
10/28/2015 6:56 PM,0.573,0.294,0.147,63.0,0.0
10/28/2015 7:56 PM,0.569,0.293,0.146,62.1,0.0
10/28/2015 8:56 PM,0.563,0.292,0.145,61.0,0.0
10/28/2015 9:56 PM,0.558,0.292,0.145,61.0,0.0
10/28/2015 10:56 PM,0.552,0.290,0.144,60.1,0.0
10/28/2015 11:56 PM,0.548,0.289,0.143,59.0,0.0
10/29/2015 12:56 AM,0.542,0.287,0.143,55.9,0.0
10/29/2015 1:56 AM,0.537,0.287,0.142,55.0,0.0
10/29/2015 2:56 AM,0.534,0.286,0.142,55.9,0.0
10/29/2015 3:56 AM,0.530,0.285,0.141,54.0,0.0
10/29/2015 4:56 AM,0.526,0.284,0.141,55.0,0.0
10/29/2015 5:56 AM,0.524,0.284,0.140,54.0,0.0
10/29/2015 6:56 AM,0.521,0.283,0.140,55.0,0.0
10/29/2015 7:56 AM,0.519,0.283,0.140,54.0,0.0
10/29/2015 8:56 AM,0.517,0.282,0.140,60.1,0.0
10/29/2015 9:56 AM,0.516,0.282,0.140,63.0,0.0
10/29/2015 10:56 AM,0.520,0.289,0.140,66.9,0.0
10/29/2015 11:56 AM,0.525,0.289,0.141,70.0,0.0
10/29/2015 12:56 PM,0.542,0.290,0.144,72.0,0.0
10/29/2015 1:56 PM,0.558,0.292,0.144,73.0,0.0
10/29/2015 2:56 PM,0.573,0.297,0.144,75.9,0.0
10/29/2015 3:56 PM,0.585,0.301,0.143,75.9,0.0
10/29/2015 4:56 PM,0.595,0.305,0.141,72.0,0.0
10/29/2015 5:56 PM,0.598,0.310,0.138,69.1,0.0
10/29/2015 6:56 PM,0.595,0.311,0.136,66.9,0.0
10/29/2015 7:56 PM,0.590,0.310,0.135,60.1,0.0
10/29/2015 8:56 PM,0.583,0.309,0.134,62.1,0.0
10/29/2015 9:56 PM,0.576,0.307,0.134,61.0,0.0
10/29/2015 10:56 PM,0.568,0.304,0.132,59.0,0.0
10/29/2015 11:56 PM,0.560,0.302,0.131,57.9,0.0
10/30/2015 12:56 AM,0.554,0.300,0.130,55.9,0.0
10/30/2015 1:56 AM,0.548,0.298,0.130,54.0,0.0
10/30/2015 2:56 AM,0.542,0.297,0.129,54.0,0.0
10/30/2015 3:56 AM,0.536,0.295,0.128,53.1,0.0
10/30/2015 4:56 AM,0.531,0.294,0.128,53.1,0.0
10/30/2015 5:56 AM,0.527,0.292,0.128,54.0,0.0
10/30/2015 6:56 AM,0.524,0.292,0.128,52.0,0.0
10/30/2015 7:56 AM,0.520,0.292,0.128,54.0,0.0
10/30/2015 8:56 AM,0.518,0.291,0.127,59.0,0.0
10/30/2015 9:56 AM,0.518,0.291,0.127,64.0,0.0
10/30/2015 10:56 AM,0.519,0.291,0.128,70.0,0.0
10/30/2015 11:56 AM,0.525,0.291,0.129,73.0,0.0
10/30/2015 12:56 PM,0.542,0.292,0.132,75.0,0.0
10/30/2015 1:56 PM,0.559,0.296,0.134,79.0,0.0
10/30/2015 2:56 PM,0.576,0.300,0.134,80.1,0.0
10/30/2015 3:56 PM,0.589,0.304,0.134,80.1,0.0
10/30/2015 4:56 PM,0.599,0.310,0.133,75.9,0.0
10/30/2015 5:56 PM,0.603,0.315,0.130,71.1,0.0
10/30/2015 6:56 PM,0.600,0.316,0.128,66.9,0.0
10/30/2015 7:56 PM,0.595,0.315,0.127,66.9,0.0
10/30/2015 8:56 PM,0.588,0.314,0.126,64.0,0.0
10/30/2015 9:56 PM,0.581,0.311,0.125,63.0,0.0
10/30/2015 10:56 PM,0.575,0.310,0.124,61.0,0.0
10/30/2015 11:56 PM,0.568,0.307,0.123,61.0,0.0
10/31/2015 12:56 AM,0.562,0.304,0.123,61.0,0.0
10/31/2015 1:56 AM,0.556,0.303,0.123,59.0,0.0
10/31/2015 2:56 AM,0.551,0.301,0.122,59.0,0.0
10/31/2015 3:56 AM,0.546,0.299,0.122,55.9,0.0
10/31/2015 4:56 AM,0.541,0.298,0.121,55.0,0.0
10/31/2015 5:56 AM,0.536,0.297,0.121,55.0,0.0
10/31/2015 6:56 AM,0.533,0.296,0.120,54.0,0.0
10/31/2015 7:56 AM,0.530,0.295,0.120,55.9,0.0
10/31/2015 8:56 AM,0.527,0.295,0.120,62.1,0.0
10/31/2015 9:56 AM,0.526,0.294,0.120,66.9,0.0
10/31/2015 10:56 AM,0.528,0.294,0.120,73.9,0.0
10/31/2015 11:56 AM,0.534,0.294,0.122,75.9,0.0
10/31/2015 12:56 PM,0.550,0.296,0.125,80.1,0.0
10/31/2015 1:56 PM,0.568,0.300,0.127,80.1,0.0
10/31/2015 2:56 PM,0.583,0.304,0.128,77.0,0.0
10/31/2015 3:56 PM,0.595,0.310,0.128,73.9,0.0
10/31/2015 4:56 PM,0.604,0.315,0.126,73.9,0.0
10/31/2015 5:56 PM,0.605,0.320,0.123,66.0,0.0
10/31/2015 6:56 PM,0.600,0.321,0.121,64.0,0.0
10/31/2015 7:56 PM,0.593,0.320,0.120,63.0,0.0
10/31/2015 8:56 PM,0.586,0.316,0.119,62.1,0.0
10/31/2015 9:56 PM,0.577,0.314,0.118,61.0,0.0
10/31/2015 10:56 PM,0.570,0.311,0.117,60.1,0.0
10/31/2015 11:56 PM,0.564,0.309,0.117,61.0,0.0
11/1/2015 12:56 AM,0.559,0.306,0.116,62.1,0.0
11/1/2015 1:56 AM,0.554,0.304,0.116,62.1,0.0
11/1/2015 2:56 AM,0.551,0.303,0.116,57.9,0.0
11/1/2015 3:56 AM,0.548,0.302,0.115,57.9,0.0
11/1/2015 4:56 AM,0.543,0.301,0.115,55.0,0.0
11/1/2015 5:56 AM,0.540,0.299,0.114,55.9,0.0
11/1/2015 6:56 AM,0.536,0.298,0.114,55.9,0.0
11/1/2015 7:56 AM,0.533,0.298,0.113,61.0,0.0
11/1/2015 8:56 AM,0.530,0.298,0.113,63.0,0.0
11/1/2015 9:56 AM,0.530,0.297,0.113,66.9,0.0
11/1/2015 10:56 AM,0.531,0.297,0.113,69.1,0.0
11/1/2015 11:56 AM,0.536,0.297,0.115,70.0,0.0
11/1/2015 12:56 PM,0.550,0.298,0.118,71.1,0.0
11/1/2015 1:56 PM,0.564,0.303,0.120,72.0,0.0
11/1/2015 2:56 PM,0.577,0.307,0.121,71.1,0.0
11/1/2015 3:56 PM,0.588,0.311,0.121,68.0,0.0
11/1/2015 4:56 PM,0.596,0.315,0.120,66.9,0.0
11/1/2015 5:56 PM,0.597,0.319,0.118,66.0,0.0
11/1/2015 6:56 PM,0.593,0.320,0.117,64.9,0.0
11/1/2015 7:56 PM,0.587,0.317,0.116,64.9,0.0
11/1/2015 8:56 PM,0.581,0.315,0.114,64.9,0.0
11/1/2015 9:56 PM,0.576,0.313,0.114,64.9,0.0
11/1/2015 10:56 PM,0.570,0.311,0.113,66.0,0.0
11/2/2015 12:10 AM,0.564,0.308,0.113,64.4,0.0
11/2/2015 2:10 AM,0.558,0.305,0.112,60.8,0.26
11/2/2015 4:10 AM,0.549,0.292,0.152,57.2,1.04
11/3/2015 12:12 AM,0.515,0.292,0.241,53.6,0.0
11/4/2015 12:56 AM,0.521,0.297,0.213,48.9,0.0
11/4/2015 1:56 AM,0.517,0.295,0.212,48.0,0.0
11/4/2015 2:56 AM,0.512,0.294,0.211,48.9,0.0
11/4/2015 3:56 AM,0.508,0.293,0.210,48.9,0.0
11/4/2015 4:56 AM,0.504,0.292,0.210,50.0,0.0
11/4/2015 5:56 AM,0.501,0.292,0.209,52.0,0.0
11/4/2015 6:56 AM,0.499,0.292,0.208,51.1,0.0
11/4/2015 7:56 AM,0.497,0.291,0.208,54.0,0.0
11/4/2015 8:56 AM,0.498,0.291,0.208,59.0,0.0
11/4/2015 9:56 AM,0.501,0.291,0.208,60.1,0.0
11/4/2015 10:56 AM,0.508,0.290,0.210,63.0,0.0
11/4/2015 11:56 AM,0.530,0.293,0.211,64.9,0.0
11/4/2015 12:56 PM,0.547,0.297,0.210,64.9,0.0
11/4/2015 1:56 PM,0.561,0.300,0.208,64.9,0.0
11/4/2015 2:56 PM,0.571,0.304,0.207,64.9,0.0
11/4/2015 3:56 PM,0.576,0.309,0.202,64.0,0.0
11/4/2015 4:56 PM,0.576,0.311,0.199,62.1,0.0
11/4/2015 5:56 PM,0.571,0.311,0.196,59.0,0.0
11/4/2015 6:56 PM,0.565,0.310,0.194,57.9,0.0
11/4/2015 7:56 PM,0.558,0.308,0.192,55.0,0.0
11/4/2015 8:56 PM,0.550,0.306,0.191,52.0,0.0
11/4/2015 9:56 PM,0.543,0.304,0.190,52.0,0.0
11/4/2015 10:56 PM,0.536,0.302,0.189,51.1,0.0
11/4/2015 11:56 PM,0.530,0.299,0.187,50.0,0.0
11/5/2015 12:56 AM,0.524,0.298,0.186,48.0,0.0
11/5/2015 1:56 AM,0.518,0.297,0.185,46.0,0.0
11/5/2015 2:56 AM,0.513,0.295,0.185,46.9,0.0
11/5/2015 3:56 AM,0.508,0.294,0.184,46.0,0.0
11/5/2015 4:56 AM,0.505,0.294,0.183,46.0,0.0
11/5/2015 5:56 AM,0.501,0.293,0.182,46.0,0.0
11/5/2015 6:56 AM,0.498,0.292,0.181,46.9,0.0
11/5/2015 7:56 AM,0.496,0.292,0.181,48.9,0.0
11/5/2015 8:56 AM,0.496,0.292,0.181,53.1,0.0
11/5/2015 9:56 AM,0.497,0.292,0.181,57.9,0.0
11/5/2015 10:56 AM,0.505,0.292,0.184,62.1,0.0
11/5/2015 11:56 AM,0.525,0.293,0.185,64.9,0.0
11/5/2015 12:56 PM,0.542,0.298,0.186,64.9,0.0
11/5/2015 1:56 PM,0.556,0.301,0.184,64.9,0.0
11/5/2015 2:56 PM,0.560,0.297,0.182,66.0,0.0
11/5/2015 3:56 PM,0.564,0.306,0.179,64.9,0.0
11/5/2015 4:56 PM,0.563,0.308,0.178,61.0,0.0
11/5/2015 5:56 PM,0.559,0.308,0.175,59.0,0.0
11/5/2015 6:56 PM,0.554,0.307,0.174,57.9,0.0
11/5/2015 7:56 PM,0.548,0.305,0.174,57.0,0.0
11/5/2015 8:56 PM,0.542,0.304,0.172,55.9,0.0
11/5/2015 9:56 PM,0.536,0.302,0.171,53.1,0.0
11/5/2015 10:56 PM,0.530,0.300,0.170,51.1,0.0
11/5/2015 11:56 PM,0.525,0.299,0.168,50.0,0.0
11/6/2015 12:56 AM,0.519,0.298,0.168,48.9,0.0
11/6/2015 1:56 AM,0.514,0.297,0.168,46.9,0.0
11/6/2015 2:56 AM,0.510,0.295,0.167,46.9,0.0
11/6/2015 3:56 AM,0.505,0.294,0.166,46.9,0.0
11/6/2015 4:56 AM,0.501,0.293,0.165,45.0,0.0
11/6/2015 5:56 AM,0.496,0.293,0.164,45.0,0.0
11/6/2015 6:56 AM,0.494,0.292,0.163,46.9,0.0
11/6/2015 7:56 AM,0.491,0.292,0.163,50.0,0.0
11/6/2015 8:56 AM,0.489,0.292,0.163,54.0,0.0
11/6/2015 9:56 AM,0.491,0.292,0.164,57.0,0.0
11/6/2015 10:56 AM,0.500,0.292,0.168,61.0,0.0
11/6/2015 11:56 AM,0.519,0.293,0.169,64.0,0.0
11/6/2015 12:56 PM,0.539,0.298,0.170,66.0,0.0
11/6/2015 1:56 PM,0.555,0.303,0.170,66.9,0.0
11/6/2015 2:56 PM,0.566,0.308,0.168,66.9,0.0
11/6/2015 3:56 PM,0.574,0.313,0.165,64.9,0.0
11/6/2015 4:56 PM,0.573,0.314,0.162,62.1,0.0
11/6/2015 5:56 PM,0.568,0.314,0.161,61.0,0.0
11/6/2015 6:56 PM,0.562,0.313,0.159,59.0,0.0
11/6/2015 7:56 PM,0.554,0.310,0.157,55.9,0.0
11/6/2015 8:56 PM,0.548,0.308,0.156,55.0,0.0
11/6/2015 9:56 PM,0.540,0.305,0.156,53.1,0.0
11/6/2015 10:56 PM,0.533,0.303,0.155,51.1,0.0
11/6/2015 11:56 PM,0.526,0.301,0.154,50.0,0.0
11/7/2015 12:56 AM,0.519,0.299,0.153,48.9,0.0
11/7/2015 1:56 AM,0.513,0.298,0.152,45.0,0.0
11/7/2015 2:56 AM,0.508,0.297,0.151,46.0,0.0
11/7/2015 3:56 AM,0.504,0.296,0.151,46.9,0.0
11/7/2015 4:56 AM,0.500,0.295,0.151,45.0,0.0
11/7/2015 5:56 AM,0.496,0.294,0.150,45.0,0.0
11/7/2015 6:56 AM,0.492,0.293,0.149,45.0,0.0
11/7/2015 7:56 AM,0.489,0.293,0.149,48.9,0.0
11/7/2015 8:56 AM,0.488,0.292,0.149,53.1,0.0
11/7/2015 9:56 AM,0.490,0.292,0.150,57.9,0.0
11/7/2015 10:56 AM,0.497,0.292,0.152,62.1,0.0
11/7/2015 11:56 AM,0.517,0.296,0.155,64.0,0.0
11/7/2015 12:56 PM,0.536,0.300,0.156,66.0,0.0
11/7/2015 1:56 PM,0.553,0.306,0.156,66.9,0.0
11/7/2015 2:56 PM,0.564,0.310,0.155,66.9,0.0
11/7/2015 3:56 PM,0.570,0.314,0.151,64.9,0.0
11/7/2015 4:56 PM,0.570,0.316,0.149,62.1,0.0
11/7/2015 5:56 PM,0.565,0.316,0.147,59.0,0.0
11/7/2015 6:56 PM,0.559,0.315,0.145,59.0,0.0
11/7/2015 7:56 PM,0.552,0.312,0.145,57.0,0.0
11/7/2015 8:56 PM,0.545,0.310,0.143,55.0,0.0
11/7/2015 9:56 PM,0.537,0.307,0.142,52.0,0.0
11/7/2015 10:56 PM,0.531,0.304,0.141,53.1,0.0
11/7/2015 11:56 PM,0.525,0.303,0.140,50.0,0.0
11/8/2015 12:56 AM,0.519,0.301,0.140,50.0,0.0
11/8/2015 1:56 AM,0.513,0.299,0.140,48.9,0.0
11/8/2015 2:56 AM,0.508,0.298,0.139,48.0,0.0
11/8/2015 3:56 AM,0.504,0.297,0.139,46.0,0.0
11/8/2015 4:56 AM,0.500,0.296,0.138,45.0,0.0
11/8/2015 5:56 AM,0.496,0.296,0.137,46.9,0.0
11/8/2015 6:56 AM,0.493,0.295,0.137,48.0,0.0
11/8/2015 7:56 AM,0.491,0.294,0.137,51.1,0.0
11/8/2015 8:56 AM,0.492,0.294,0.137,55.9,0.0
11/8/2015 9:56 AM,0.495,0.295,0.137,60.1,0.0
11/8/2015 10:56 AM,0.498,0.296,0.138,62.1,0.0
11/8/2015 11:56 AM,0.502,0.296,0.139,60.1,0.0
11/8/2015 12:56 PM,0.506,0.292,0.140,60.1,0.01
11/8/2015 1:56 PM,0.508,0.293,0.140,60.1,0.0
11/8/2015 2:56 PM,0.512,0.296,0.140,61.0,0.0
11/8/2015 3:56 PM,0.513,0.298,0.140,60.1,0.0
11/8/2015 4:56 PM,0.515,0.299,0.140,60.1,0.0
11/8/2015 5:56 PM,0.515,0.300,0.140,59.0,0.0
11/8/2015 6:56 PM,0.514,0.300,0.140,57.0,0.0
11/8/2015 7:56 PM,0.513,0.300,0.139,55.0,0.0
11/8/2015 8:56 PM,0.510,0.299,0.138,54.0,0.0
11/8/2015 9:56 PM,0.508,0.298,0.138,54.0,0.0
11/8/2015 10:56 PM,0.505,0.298,0.137,53.1,0.0
11/8/2015 11:56 PM,0.502,0.298,0.137,52.0,0.0
11/9/2015 12:56 AM,0.500,0.297,0.137,51.1,0.0
11/9/2015 1:56 AM,0.497,0.297,0.136,48.9,0.01
11/9/2015 2:56 AM,0.495,0.296,0.136,48.9,0.0
11/9/2015 3:56 AM,0.492,0.296,0.135,46.9,0.0
11/9/2015 4:56 AM,0.491,0.295,0.135,48.9,0.0
11/9/2015 5:56 AM,0.489,0.295,0.134,48.0,0.0
11/9/2015 6:56 AM,0.488,0.295,0.134,48.9,0.0
11/9/2015 7:56 AM,0.488,0.293,0.135,52.0,0.0
11/9/2015 8:56 AM,0.491,0.292,0.140,51.1,0.06
11/9/2015 9:56 AM,0.490,0.294,0.176,50.0,0.34
11/9/2015 10:56 AM,0.489,0.294,0.190,52.0,0.16
11/9/2015 11:56 AM,0.491,0.295,0.195,52.0,0.03
11/9/2015 12:56 PM,0.493,0.296,0.196,53.1,0.0
11/9/2015 1:56 PM,0.501,0.297,0.197,57.0,0.0
11/9/2015 2:56 PM,0.508,0.298,0.197,55.9,0.01
11/9/2015 3:56 PM,0.512,0.299,0.196,55.9,0.0
11/9/2015 4:56 PM,0.511,0.298,0.194,55.0,0.0
11/9/2015 5:56 PM,0.509,0.298,0.194,53.1,0.0
11/9/2015 6:56 PM,0.507,0.297,0.192,52.0,0.0
11/9/2015 7:56 PM,0.503,0.296,0.191,52.0,0.0
11/9/2015 8:56 PM,0.500,0.296,0.191,50.0,0.0
11/9/2015 9:56 PM,0.497,0.295,0.191,50.0,0.0
11/9/2015 10:56 PM,0.494,0.294,0.190,46.9,0.0
11/9/2015 11:56 PM,0.491,0.294,0.190,50.0,0.0
11/10/2015 12:56 AM,0.490,0.293,0.190,50.0,0.01
11/10/2015 1:56 AM,0.489,0.294,0.192,48.9,0.0
11/10/2015 2:56 AM,0.487,0.293,0.191,48.0,0.0
11/10/2015 3:56 AM,0.485,0.293,0.191,48.0,0.01
11/10/2015 4:56 AM,0.484,0.293,0.190,46.9,0.0
11/10/2015 5:56 AM,0.483,0.292,0.190,46.0,0.0
11/10/2015 6:56 AM,0.481,0.292,0.190,45.0,0.0
11/10/2015 7:56 AM,0.479,0.292,0.189,48.9,0.0
11/10/2015 8:56 AM,0.479,0.292,0.189,52.0,0.0
11/10/2015 9:56 AM,0.481,0.292,0.189,54.0,0.0
11/10/2015 10:56 AM,0.488,0.293,0.189,55.9,0.0
11/10/2015 11:56 AM,0.502,0.294,0.191,57.0,0.0
11/10/2015 12:56 PM,0.519,0.298,0.191,57.9,0.0
11/10/2015 1:56 PM,0.536,0.309,0.191,60.1,0.0
11/10/2015 2:56 PM,0.545,0.312,0.191,60.1,0.0
11/10/2015 3:56 PM,0.550,0.315,0.190,57.9,0.0
11/10/2015 4:56 PM,0.548,0.315,0.188,55.9,0.0
11/10/2015 5:56 PM,0.544,0.313,0.185,54.0,0.0
11/10/2015 6:56 PM,0.538,0.310,0.185,53.1,0.0
11/10/2015 7:56 PM,0.531,0.309,0.183,52.0,0.0
11/10/2015 8:56 PM,0.525,0.306,0.182,50.0,0.0
11/10/2015 9:56 PM,0.518,0.304,0.181,48.9,0.0
11/10/2015 10:56 PM,0.512,0.303,0.180,46.9,0.0
11/10/2015 11:56 PM,0.507,0.301,0.179,46.9,0.0
11/11/2015 12:56 AM,0.501,0.300,0.178,46.0,0.0
11/11/2015 1:56 AM,0.496,0.299,0.178,43.0,0.0
11/11/2015 2:56 AM,0.492,0.298,0.177,44.1,0.0
11/11/2015 3:56 AM,0.489,0.297,0.176,45.0,0.0
11/11/2015 4:56 AM,0.486,0.297,0.176,42.1,0.0
11/11/2015 5:56 AM,0.483,0.296,0.175,42.1,0.0
11/11/2015 6:56 AM,0.480,0.296,0.175,41.0,0.0
11/11/2015 7:56 AM,0.478,0.296,0.175,46.9,0.0
11/11/2015 8:56 AM,0.477,0.296,0.175,50.0,0.0
11/11/2015 9:56 AM,0.479,0.297,0.175,54.0,0.0
11/11/2015 10:56 AM,0.487,0.298,0.177,57.0,0.0
11/11/2015 11:56 AM,0.507,0.303,0.179,59.0,0.0
11/11/2015 12:56 PM,0.525,0.307,0.179,61.0,0.0
11/11/2015 1:56 PM,0.541,0.313,0.179,62.1,0.0
11/11/2015 2:56 PM,0.552,0.317,0.177,63.0,0.0
11/11/2015 3:56 PM,0.559,0.321,0.174,61.0,0.0
11/11/2015 4:56 PM,0.559,0.321,0.172,57.9,0.0
11/11/2015 5:56 PM,0.553,0.320,0.171,55.9,0.0
11/11/2015 6:56 PM,0.548,0.315,0.169,54.0,0.0
11/11/2015 7:56 PM,0.540,0.313,0.168,53.1,0.0
11/11/2015 8:56 PM,0.533,0.310,0.167,52.0,0.0
11/11/2015 9:56 PM,0.526,0.308,0.166,50.0,0.0
11/11/2015 10:56 PM,0.519,0.306,0.165,48.0,0.0
11/11/2015 11:56 PM,0.513,0.304,0.164,46.9,0.0
11/12/2015 12:56 AM,0.508,0.302,0.163,46.0,0.0
11/12/2015 1:56 AM,0.502,0.300,0.162,44.1,0.0
11/12/2015 2:56 AM,0.496,0.298,0.162,44.1,0.0
11/12/2015 3:56 AM,0.492,0.297,0.161,43.0,0.0
11/12/2015 4:56 AM,0.488,0.296,0.160,43.0,0.0
11/12/2015 5:56 AM,0.484,0.296,0.160,43.0,0.0
11/12/2015 6:56 AM,0.480,0.295,0.160,44.1,0.0
11/12/2015 7:56 AM,0.478,0.295,0.159,46.9,0.0
11/12/2015 8:56 AM,0.478,0.295,0.159,51.1,0.0
11/12/2015 9:56 AM,0.479,0.296,0.160,55.0,0.0
11/12/2015 10:56 AM,0.488,0.298,0.162,59.0,0.0
11/12/2015 11:56 AM,0.508,0.303,0.164,61.0,0.0
11/12/2015 12:56 PM,0.526,0.309,0.164,63.0,0.0
11/12/2015 1:56 PM,0.542,0.315,0.164,64.0,0.0
11/12/2015 2:56 PM,0.553,0.319,0.162,63.0,0.0
11/12/2015 3:56 PM,0.560,0.321,0.160,63.0,0.0
11/12/2015 4:56 PM,0.560,0.323,0.158,60.1,0.0
11/12/2015 5:56 PM,0.555,0.321,0.156,57.0,0.0
11/12/2015 6:56 PM,0.549,0.318,0.155,54.0,0.0
11/12/2015 7:56 PM,0.542,0.315,0.154,53.1,0.0
11/12/2015 8:56 PM,0.534,0.312,0.153,52.0,0.0
11/12/2015 9:56 PM,0.527,0.310,0.152,50.0,0.0
11/12/2015 10:56 PM,0.520,0.307,0.151,48.0,0.0
11/12/2015 11:56 PM,0.514,0.305,0.151,46.9,0.0
11/13/2015 12:56 AM,0.508,0.303,0.150,46.0,0.0
11/13/2015 1:56 AM,0.502,0.301,0.150,44.1,0.0
11/13/2015 2:56 AM,0.497,0.299,0.149,44.1,0.0
11/13/2015 3:56 AM,0.493,0.298,0.148,43.0,0.0
11/13/2015 4:56 AM,0.489,0.297,0.147,44.1,0.0
11/13/2015 5:56 AM,0.485,0.297,0.147,44.1,0.0
11/13/2015 6:56 AM,0.482,0.296,0.147,43.0,0.0
11/13/2015 7:56 AM,0.479,0.295,0.146,48.0,0.0
11/13/2015 8:56 AM,0.479,0.295,0.146,52.0,0.0
11/13/2015 9:56 AM,0.480,0.296,0.147,55.9,0.0
11/13/2015 10:56 AM,0.489,0.298,0.149,59.0,0.0
11/13/2015 11:56 AM,0.508,0.304,0.151,63.0,0.0
11/13/2015 12:56 PM,0.527,0.310,0.152,66.0,0.0
11/13/2015 1:56 PM,0.543,0.317,0.152,66.0,0.0
11/13/2015 2:56 PM,0.554,0.321,0.151,66.9,0.0
11/13/2015 3:56 PM,0.562,0.324,0.149,64.9,0.0
11/13/2015 4:56 PM,0.561,0.324,0.146,62.1,0.0
11/13/2015 5:56 PM,0.558,0.322,0.145,57.9,0.0
11/13/2015 6:56 PM,0.551,0.320,0.144,57.9,0.0
11/13/2015 7:56 PM,0.544,0.317,0.143,55.9,0.0
11/13/2015 8:56 PM,0.537,0.315,0.141,53.1,0.0
11/13/2015 9:56 PM,0.530,0.313,0.140,51.1,0.0
11/13/2015 10:56 PM,0.523,0.310,0.140,51.1,0.0
11/13/2015 11:56 PM,0.516,0.307,0.139,48.9,0.0
11/14/2015 12:56 AM,0.510,0.304,0.139,48.0,0.0
11/14/2015 1:56 AM,0.504,0.303,0.138,46.0,0.0
11/14/2015 2:56 AM,0.499,0.301,0.138,45.0,0.0
11/14/2015 3:56 AM,0.495,0.299,0.137,45.0,0.0
11/14/2015 4:56 AM,0.490,0.298,0.136,44.1,0.0
11/14/2015 5:56 AM,0.486,0.297,0.136,44.1,0.0
11/14/2015 6:56 AM,0.483,0.298,0.135,43.0,0.0
11/14/2015 7:56 AM,0.479,0.297,0.135,48.0,0.0
11/14/2015 8:56 AM,0.479,0.297,0.135,52.0,0.0
11/14/2015 9:56 AM,0.480,0.298,0.136,55.9,0.0
11/14/2015 10:56 AM,0.488,0.300,0.138,57.9,0.0
11/14/2015 11:56 AM,0.506,0.305,0.140,60.1,0.0
11/14/2015 12:56 PM,0.524,0.312,0.141,62.1,0.0
11/14/2015 1:56 PM,0.538,0.316,0.141,63.0,0.0
11/14/2015 2:56 PM,0.549,0.321,0.141,63.0,0.0
11/14/2015 3:56 PM,0.555,0.323,0.139,61.0,0.0
11/14/2015 4:56 PM,0.553,0.323,0.136,60.1,0.0
11/14/2015 5:56 PM,0.549,0.321,0.135,57.0,0.0
11/14/2015 6:56 PM,0.542,0.319,0.134,55.9,0.0
11/14/2015 7:56 PM,0.536,0.315,0.133,55.0,0.0
11/14/2015 8:56 PM,0.530,0.313,0.132,53.1,0.0
11/14/2015 9:56 PM,0.523,0.311,0.131,51.1,0.0
11/14/2015 10:56 PM,0.517,0.309,0.131,50.0,0.0
11/14/2015 11:56 PM,0.511,0.306,0.130,52.0,0.0
11/15/2015 12:56 AM,0.507,0.304,0.130,52.0,0.0
11/15/2015 1:56 AM,0.503,0.304,0.129,53.1,0.0
11/15/2015 2:56 AM,0.500,0.302,0.129,53.1,0.0
11/15/2015 3:56 AM,0.498,0.301,0.129,54.0,0.0
11/15/2015 4:56 AM,0.491,0.298,0.151,53.1,0.38
11/15/2015 5:56 AM,0.487,0.295,0.155,52.0,0.04
11/15/2015 6:56 AM,0.486,0.295,0.157,53.1,0.03
11/15/2015 7:56 AM,0.484,0.294,0.180,53.1,0.81
11/15/2015 8:56 AM,0.485,0.297,0.181,55.0,0.03
11/15/2015 9:56 AM,0.491,0.300,0.182,57.0,0.0
11/15/2015 10:56 AM,0.495,0.303,0.186,59.0,0.0
11/15/2015 11:56 AM,0.508,0.306,0.187,59.0,0.0
11/15/2015 12:56 PM,0.519,0.311,0.186,59.0,0.0
11/15/2015 1:56 PM,0.528,0.313,0.185,59.0,0.0
11/15/2015 2:56 PM,0.534,0.316,0.183,57.9,0.0
11/15/2015 3:56 PM,0.536,0.317,0.180,57.0,0.0
11/15/2015 4:56 PM,0.532,0.315,0.178,55.0,0.0
11/15/2015 5:56 PM,0.526,0.312,0.176,54.0,0.0
11/15/2015 6:56 PM,0.519,0.310,0.174,53.1,0.0
11/15/2015 7:56 PM,0.513,0.307,0.174,52.0,0.0
11/15/2015 8:56 PM,0.507,0.305,0.173,52.0,0.0
11/15/2015 9:56 PM,0.502,0.304,0.172,51.1,0.0
11/15/2015 10:56 PM,0.497,0.302,0.171,51.1,0.0
11/15/2015 11:56 PM,0.493,0.300,0.170,50.0,0.0
11/16/2015 12:56 AM,0.490,0.299,0.169,50.0,0.0
11/16/2015 1:56 AM,0.487,0.298,0.168,50.0,0.0
11/16/2015 2:56 AM,0.485,0.299,0.168,48.9,0.0
11/16/2015 3:56 AM,0.483,0.300,0.168,48.0,0.0
11/16/2015 4:56 AM,0.480,0.299,0.168,46.9,0.0
11/16/2015 5:56 AM,0.478,0.298,0.167,46.0,0.0
11/16/2015 6:56 AM,0.476,0.298,0.167,45.0,0.0
11/16/2015 7:56 AM,0.474,0.298,0.166,48.0,0.0
11/16/2015 8:56 AM,0.474,0.298,0.166,50.0,0.0
11/16/2015 9:56 AM,0.475,0.299,0.166,53.1,0.0
11/16/2015 10:56 AM,0.482,0.301,0.167,55.0,0.0
11/16/2015 11:56 AM,0.498,0.306,0.168,57.0,0.0
11/16/2015 12:56 PM,0.513,0.312,0.168,57.9,0.0
11/16/2015 1:56 PM,0.527,0.317,0.167,59.0,0.0
11/16/2015 2:56 PM,0.536,0.319,0.165,60.1,0.0
11/16/2015 3:56 PM,0.540,0.321,0.162,59.0,0.0
11/16/2015 4:56 PM,0.537,0.319,0.160,57.0,0.0
11/16/2015 5:56 PM,0.532,0.317,0.159,54.0,0.0
11/16/2015 6:56 PM,0.526,0.314,0.157,54.0,0.0
11/16/2015 7:56 PM,0.520,0.311,0.156,52.0,0.0
11/16/2015 8:56 PM,0.514,0.309,0.156,52.0,0.0
11/16/2015 9:56 PM,0.508,0.307,0.155,51.1,0.0
11/16/2015 10:56 PM,0.503,0.304,0.154,50.0,0.0
11/16/2015 11:56 PM,0.499,0.303,0.154,48.9,0.0
11/17/2015 12:56 AM,0.495,0.301,0.153,48.9,0.0
11/17/2015 1:56 AM,0.491,0.300,0.152,48.0,0.0
11/17/2015 2:56 AM,0.488,0.299,0.152,50.0,0.0
11/17/2015 3:56 AM,0.485,0.298,0.151,48.0,0.0
11/17/2015 4:56 AM,0.483,0.298,0.151,45.0,0.0
11/17/2015 5:56 AM,0.481,0.298,0.151,46.9,0.0
11/17/2015 6:56 AM,0.479,0.299,0.151,46.0,0.0
11/17/2015 7:56 AM,0.478,0.299,0.151,48.9,0.0
11/17/2015 8:56 AM,0.478,0.299,0.151,53.1,0.0
11/17/2015 9:56 AM,0.479,0.299,0.151,57.0,0.0
11/17/2015 10:56 AM,0.487,0.302,0.153,60.1,0.0
11/17/2015 11:56 AM,0.504,0.307,0.154,60.1,0.0
11/17/2015 12:56 PM,0.518,0.313,0.155,62.1,0.0
11/17/2015 1:56 PM,0.530,0.317,0.154,62.1,0.0
11/17/2015 2:56 PM,0.536,0.322,0.147,63.0,0.0
